neighborhood,year,new,old
,1901,0,1
,1996,0,7
,1997,0,17
,1998,0,14
,1999,0,9
,2000,0,14
,2001,0,47
,2002,11218,441
,2003,3323,2309
,2004,2824,2009
,2005,2369,3069
,2006,2194,2304
,2007,1850,2109
,2008,1629,945
,2009,1738,1939
,2010,1585,1662
,2011,1473,1831
,2012,1448,1779
,2013,2131,1832
,2014,1271,1654
,2015,1096,1796
,2016,243,3904
,2017,0,5518
,2018,0,1567
,2019,0,1
ANDERSONVILLE,2002,159,0
ANDERSONVILLE,2003,29,22
ANDERSONVILLE,2004,26,22
ANDERSONVILLE,2005,17,30
ANDERSONVILLE,2006,24,22
ANDERSONVILLE,2007,18,21
ANDERSONVILLE,2008,17,2
ANDERSONVILLE,2009,23,33
ANDERSONVILLE,2010,14,2
ANDERSONVILLE,2011,19,32
ANDERSONVILLE,2012,18,5
ANDERSONVILLE,2013,10,27
ANDERSONVILLE,2014,20,8
ANDERSONVILLE,2015,13,24
ANDERSONVILLE,2016,2,36
ANDERSONVILLE,2017,0,116
ANDERSONVILLE,2018,0,11
"ARCHER HEIGHTS,WEST ELSDON",1999,0,1
"ARCHER HEIGHTS,WEST ELSDON",2000,0,1
"ARCHER HEIGHTS,WEST ELSDON",2002,220,9
"ARCHER HEIGHTS,WEST ELSDON",2003,43,39
"ARCHER HEIGHTS,WEST ELSDON",2004,53,34
"ARCHER HEIGHTS,WEST ELSDON",2005,43,36
"ARCHER HEIGHTS,WEST ELSDON",2006,49,33
"ARCHER HEIGHTS,WEST ELSDON",2007,44,41
"ARCHER HEIGHTS,WEST ELSDON",2008,28,3
"ARCHER HEIGHTS,WEST ELSDON",2009,35,71
"ARCHER HEIGHTS,WEST ELSDON",2010,32,6
"ARCHER HEIGHTS,WEST ELSDON",2011,26,46
"ARCHER HEIGHTS,WEST ELSDON",2012,34,10
"ARCHER HEIGHTS,WEST ELSDON",2013,25,62
"ARCHER HEIGHTS,WEST ELSDON",2014,32,28
"ARCHER HEIGHTS,WEST ELSDON",2015,24,46
"ARCHER HEIGHTS,WEST ELSDON",2016,6,45
"ARCHER HEIGHTS,WEST ELSDON",2017,0,159
"ARCHER HEIGHTS,WEST ELSDON",2018,0,21
"ARMOUR SQUARE,CHINATOWN",1998,0,1
"ARMOUR SQUARE,CHINATOWN",2001,0,2
"ARMOUR SQUARE,CHINATOWN",2002,243,10
"ARMOUR SQUARE,CHINATOWN",2003,51,37
"ARMOUR SQUARE,CHINATOWN",2004,53,38
"ARMOUR SQUARE,CHINATOWN",2005,27,53
"ARMOUR SQUARE,CHINATOWN",2006,40,33
"ARMOUR SQUARE,CHINATOWN",2007,35,25
"ARMOUR SQUARE,CHINATOWN",2008,29,22
"ARMOUR SQUARE,CHINATOWN",2009,37,5
"ARMOUR SQUARE,CHINATOWN",2010,37,50
"ARMOUR SQUARE,CHINATOWN",2011,32,2
"ARMOUR SQUARE,CHINATOWN",2012,32,57
"ARMOUR SQUARE,CHINATOWN",2013,29,13
"ARMOUR SQUARE,CHINATOWN",2014,22,52
"ARMOUR SQUARE,CHINATOWN",2015,28,20
"ARMOUR SQUARE,CHINATOWN",2016,12,203
"ARMOUR SQUARE,CHINATOWN",2017,0,65
"ARMOUR SQUARE,CHINATOWN",2018,0,20
ASHBURN,1996,0,1
ASHBURN,1998,0,2
ASHBURN,2001,0,4
ASHBURN,2002,409,38
ASHBURN,2003,106,88
ASHBURN,2004,105,90
ASHBURN,2005,87,88
ASHBURN,2006,78,77
ASHBURN,2007,82,80
ASHBURN,2008,60,9
ASHBURN,2009,57,101
ASHBURN,2010,47,28
ASHBURN,2011,51,83
ASHBURN,2012,50,26
ASHBURN,2013,47,97
ASHBURN,2014,45,35
ASHBURN,2015,41,71
ASHBURN,2016,12,95
ASHBURN,2017,0,238
ASHBURN,2018,0,40
AUBURN GRESHAM,1996,0,1
AUBURN GRESHAM,1997,0,3
AUBURN GRESHAM,1998,0,1
AUBURN GRESHAM,2000,0,1
AUBURN GRESHAM,2001,0,4
AUBURN GRESHAM,2002,526,46
AUBURN GRESHAM,2003,149,118
AUBURN GRESHAM,2004,119,106
AUBURN GRESHAM,2005,136,110
AUBURN GRESHAM,2006,107,115
AUBURN GRESHAM,2007,97,92
AUBURN GRESHAM,2008,67,91
AUBURN GRESHAM,2009,78,15
AUBURN GRESHAM,2010,67,159
AUBURN GRESHAM,2011,66,16
AUBURN GRESHAM,2012,63,115
AUBURN GRESHAM,2013,41,50
AUBURN GRESHAM,2014,52,99
AUBURN GRESHAM,2015,52,47
AUBURN GRESHAM,2016,15,328
AUBURN GRESHAM,2017,0,99
AUBURN GRESHAM,2018,0,18
AUSTIN,1996,0,2
AUSTIN,1997,0,3
AUSTIN,1999,0,3
AUSTIN,2000,0,1
AUSTIN,2001,0,5
AUSTIN,2002,1195,64
AUSTIN,2003,290,261
AUSTIN,2004,292,273
AUSTIN,2005,239,269
AUSTIN,2006,220,203
AUSTIN,2007,218,206
AUSTIN,2008,162,9
AUSTIN,2009,182,363
AUSTIN,2010,151,34
AUSTIN,2011,162,280
AUSTIN,2012,134,73
AUSTIN,2013,124,297
AUSTIN,2014,116,94
AUSTIN,2015,141,224
AUSTIN,2016,30,194
AUSTIN,2017,0,717
AUSTIN,2018,0,73
"AVALON PARK,CALUMET HEIGHTS",1996,0,1
"AVALON PARK,CALUMET HEIGHTS",1998,0,1
"AVALON PARK,CALUMET HEIGHTS",2000,0,2
"AVALON PARK,CALUMET HEIGHTS",2001,0,1
"AVALON PARK,CALUMET HEIGHTS",2002,160,10
"AVALON PARK,CALUMET HEIGHTS",2003,38,37
"AVALON PARK,CALUMET HEIGHTS",2004,30,25
"AVALON PARK,CALUMET HEIGHTS",2005,22,18
"AVALON PARK,CALUMET HEIGHTS",2006,29,35
"AVALON PARK,CALUMET HEIGHTS",2007,34,17
"AVALON PARK,CALUMET HEIGHTS",2008,26,31
"AVALON PARK,CALUMET HEIGHTS",2009,14,2
"AVALON PARK,CALUMET HEIGHTS",2010,15,41
"AVALON PARK,CALUMET HEIGHTS",2011,17,7
"AVALON PARK,CALUMET HEIGHTS",2012,14,33
"AVALON PARK,CALUMET HEIGHTS",2013,22,11
"AVALON PARK,CALUMET HEIGHTS",2014,13,26
"AVALON PARK,CALUMET HEIGHTS",2015,21,18
"AVALON PARK,CALUMET HEIGHTS",2016,2,103
"AVALON PARK,CALUMET HEIGHTS",2017,0,31
"AVALON PARK,CALUMET HEIGHTS",2018,0,7
BACK OF THE YARDS,1997,0,1
BACK OF THE YARDS,1998,0,2
BACK OF THE YARDS,2001,0,2
BACK OF THE YARDS,2002,854,10
BACK OF THE YARDS,2003,153,142
BACK OF THE YARDS,2004,190,115
BACK OF THE YARDS,2005,241,180
BACK OF THE YARDS,2006,353,149
BACK OF THE YARDS,2007,214,235
BACK OF THE YARDS,2008,203,186
BACK OF THE YARDS,2009,169,46
BACK OF THE YARDS,2010,179,379
BACK OF THE YARDS,2011,88,40
BACK OF THE YARDS,2012,109,333
BACK OF THE YARDS,2013,94,77
BACK OF THE YARDS,2014,93,223
BACK OF THE YARDS,2015,92,94
BACK OF THE YARDS,2016,21,303
BACK OF THE YARDS,2017,0,211
BACK OF THE YARDS,2018,0,364
"BELMONT CRAGIN,HERMOSA",1996,0,3
"BELMONT CRAGIN,HERMOSA",1997,0,4
"BELMONT CRAGIN,HERMOSA",1998,0,2
"BELMONT CRAGIN,HERMOSA",2000,0,1
"BELMONT CRAGIN,HERMOSA",2001,0,4
"BELMONT CRAGIN,HERMOSA",2002,1252,35
"BELMONT CRAGIN,HERMOSA",2003,252,197
"BELMONT CRAGIN,HERMOSA",2004,186,161
"BELMONT CRAGIN,HERMOSA",2005,216,209
"BELMONT CRAGIN,HERMOSA",2006,201,180
"BELMONT CRAGIN,HERMOSA",2007,169,197
"BELMONT CRAGIN,HERMOSA",2008,136,9
"BELMONT CRAGIN,HERMOSA",2009,142,291
"BELMONT CRAGIN,HERMOSA",2010,134,32
"BELMONT CRAGIN,HERMOSA",2011,155,291
"BELMONT CRAGIN,HERMOSA",2012,126,55
"BELMONT CRAGIN,HERMOSA",2013,130,260
"BELMONT CRAGIN,HERMOSA",2014,90,90
"BELMONT CRAGIN,HERMOSA",2015,110,214
"BELMONT CRAGIN,HERMOSA",2016,33,178
"BELMONT CRAGIN,HERMOSA",2017,0,784
"BELMONT CRAGIN,HERMOSA",2018,0,77
"BELMONT CRAIGIN,HERMOSA",2001,0,1
"BELMONT CRAIGIN,HERMOSA",2002,317,6
"BELMONT CRAIGIN,HERMOSA",2003,72,69
"BELMONT CRAIGIN,HERMOSA",2004,59,56
"BELMONT CRAIGIN,HERMOSA",2005,62,49
"BELMONT CRAIGIN,HERMOSA",2006,55,51
"BELMONT CRAIGIN,HERMOSA",2007,35,56
"BELMONT CRAIGIN,HERMOSA",2008,53,4
"BELMONT CRAIGIN,HERMOSA",2009,60,89
"BELMONT CRAIGIN,HERMOSA",2010,39,7
"BELMONT CRAIGIN,HERMOSA",2011,33,80
"BELMONT CRAIGIN,HERMOSA",2012,40,14
"BELMONT CRAIGIN,HERMOSA",2013,47,75
"BELMONT CRAIGIN,HERMOSA",2014,36,29
"BELMONT CRAIGIN,HERMOSA",2015,38,72
"BELMONT CRAIGIN,HERMOSA",2016,5,63
"BELMONT CRAIGIN,HERMOSA",2017,0,239
"BELMONT CRAIGIN,HERMOSA",2018,0,18
BEVERLY,1997,0,2
BEVERLY,1998,0,1
BEVERLY,2002,352,8
BEVERLY,2003,99,80
BEVERLY,2004,45,49
BEVERLY,2005,48,57
BEVERLY,2006,54,50
BEVERLY,2007,32,50
BEVERLY,2008,29,4
BEVERLY,2009,43,74
BEVERLY,2010,31,10
BEVERLY,2011,36,71
BEVERLY,2012,50,19
BEVERLY,2013,34,57
BEVERLY,2014,21,28
BEVERLY,2015,35,66
BEVERLY,2016,15,73
BEVERLY,2017,0,214
BEVERLY,2018,0,24
BOYSTOWN,2002,97,1
BOYSTOWN,2003,13,8
BOYSTOWN,2004,12,9
BOYSTOWN,2005,9,15
BOYSTOWN,2006,11,10
BOYSTOWN,2007,11,8
BOYSTOWN,2008,3,2
BOYSTOWN,2009,4,12
BOYSTOWN,2010,4,6
BOYSTOWN,2011,13,6
BOYSTOWN,2012,10,7
BOYSTOWN,2013,5,19
BOYSTOWN,2014,13,7
BOYSTOWN,2015,9,9
BOYSTOWN,2016,4,38
BOYSTOWN,2017,0,49
BOYSTOWN,2018,0,11
BRIDGEPORT,1997,0,1
BRIDGEPORT,1998,0,1
BRIDGEPORT,1999,0,1
BRIDGEPORT,2000,0,2
BRIDGEPORT,2002,531,5
BRIDGEPORT,2003,94,69
BRIDGEPORT,2004,92,75
BRIDGEPORT,2005,90,115
BRIDGEPORT,2006,82,82
BRIDGEPORT,2007,60,94
BRIDGEPORT,2008,87,27
BRIDGEPORT,2009,55,63
BRIDGEPORT,2010,55,67
BRIDGEPORT,2011,35,58
BRIDGEPORT,2012,58,59
BRIDGEPORT,2013,48,56
BRIDGEPORT,2014,43,65
BRIDGEPORT,2015,49,60
BRIDGEPORT,2016,15,174
BRIDGEPORT,2017,0,222
BRIDGEPORT,2018,0,100
"BRIGHTON PARK,MCKINLEY PARK",1996,0,1
"BRIGHTON PARK,MCKINLEY PARK",2002,288,5
"BRIGHTON PARK,MCKINLEY PARK",2003,42,31
"BRIGHTON PARK,MCKINLEY PARK",2004,29,28
"BRIGHTON PARK,MCKINLEY PARK",2005,33,42
"BRIGHTON PARK,MCKINLEY PARK",2006,23,38
"BRIGHTON PARK,MCKINLEY PARK",2007,24,44
"BRIGHTON PARK,MCKINLEY PARK",2008,19,17
"BRIGHTON PARK,MCKINLEY PARK",2009,31,25
"BRIGHTON PARK,MCKINLEY PARK",2010,29,30
"BRIGHTON PARK,MCKINLEY PARK",2011,21,18
"BRIGHTON PARK,MCKINLEY PARK",2012,27,33
"BRIGHTON PARK,MCKINLEY PARK",2013,21,31
"BRIGHTON PARK,MCKINLEY PARK",2014,23,30
"BRIGHTON PARK,MCKINLEY PARK",2015,21,23
"BRIGHTON PARK,MCKINLEY PARK",2016,3,57
"BRIGHTON PARK,MCKINLEY PARK",2017,0,108
"BRIGHTON PARK,MCKINLEY PARK",2018,0,73
BRONZEVILLE,1998,0,1
BRONZEVILLE,2002,178,8
BRONZEVILLE,2003,54,61
BRONZEVILLE,2004,41,38
BRONZEVILLE,2005,44,43
BRONZEVILLE,2006,36,40
BRONZEVILLE,2007,31,28
BRONZEVILLE,2008,31,25
BRONZEVILLE,2009,36,16
BRONZEVILLE,2010,29,49
BRONZEVILLE,2011,28,19
BRONZEVILLE,2012,33,35
BRONZEVILLE,2013,22,21
BRONZEVILLE,2014,18,48
BRONZEVILLE,2015,26,26
BRONZEVILLE,2016,8,92
BRONZEVILLE,2017,0,65
BRONZEVILLE,2018,0,15
BUCKTOWN,1999,0,2
BUCKTOWN,2000,0,1
BUCKTOWN,2001,0,1
BUCKTOWN,2002,352,16
BUCKTOWN,2003,79,47
BUCKTOWN,2004,60,72
BUCKTOWN,2005,59,50
BUCKTOWN,2006,66,53
BUCKTOWN,2007,57,40
BUCKTOWN,2008,59,13
BUCKTOWN,2009,46,79
BUCKTOWN,2010,53,12
BUCKTOWN,2011,51,80
BUCKTOWN,2012,37,27
BUCKTOWN,2013,59,65
BUCKTOWN,2014,28,25
BUCKTOWN,2015,32,83
BUCKTOWN,2016,10,80
BUCKTOWN,2017,0,262
BUCKTOWN,2018,0,33
"CHATHAM,BURNSIDE",2000,0,1
"CHATHAM,BURNSIDE",2001,0,3
"CHATHAM,BURNSIDE",2002,424,47
"CHATHAM,BURNSIDE",2003,135,94
"CHATHAM,BURNSIDE",2004,106,93
"CHATHAM,BURNSIDE",2005,109,90
"CHATHAM,BURNSIDE",2006,96,102
"CHATHAM,BURNSIDE",2007,77,82
"CHATHAM,BURNSIDE",2008,70,94
"CHATHAM,BURNSIDE",2009,63,14
"CHATHAM,BURNSIDE",2010,71,129
"CHATHAM,BURNSIDE",2011,62,14
"CHATHAM,BURNSIDE",2012,46,108
"CHATHAM,BURNSIDE",2013,55,38
"CHATHAM,BURNSIDE",2014,57,83
"CHATHAM,BURNSIDE",2015,54,55
"CHATHAM,BURNSIDE",2016,14,262
"CHATHAM,BURNSIDE",2017,0,97
"CHATHAM,BURNSIDE",2018,0,25
DUNNING,1996,0,1
DUNNING,2000,0,2
DUNNING,2001,0,2
DUNNING,2002,559,31
DUNNING,2003,121,90
DUNNING,2004,119,84
DUNNING,2005,76,84
DUNNING,2006,78,87
DUNNING,2007,71,96
DUNNING,2008,61,1
DUNNING,2009,53,128
DUNNING,2010,48,7
DUNNING,2011,59,87
DUNNING,2012,55,15
DUNNING,2013,38,104
DUNNING,2014,38,33
DUNNING,2015,34,69
DUNNING,2016,9,84
DUNNING,2017,0,370
DUNNING,2018,0,22
EDGEWATER,1997,0,1
EDGEWATER,2000,0,2
EDGEWATER,2001,0,2
EDGEWATER,2002,633,32
EDGEWATER,2003,176,131
EDGEWATER,2004,152,121
EDGEWATER,2005,121,161
EDGEWATER,2006,116,115
EDGEWATER,2007,98,93
EDGEWATER,2008,79,0
EDGEWATER,2009,73,173
EDGEWATER,2010,69,14
EDGEWATER,2011,78,128
EDGEWATER,2012,78,29
EDGEWATER,2013,71,137
EDGEWATER,2014,57,45
EDGEWATER,2015,48,99
EDGEWATER,2016,18,113
EDGEWATER,2017,0,376
EDGEWATER,2018,0,29
EDISON PARK,1997,0,1
EDISON PARK,2002,195,6
EDISON PARK,2003,30,25
EDISON PARK,2004,42,25
EDISON PARK,2005,31,38
EDISON PARK,2006,19,31
EDISON PARK,2007,29,26
EDISON PARK,2008,28,29
EDISON PARK,2009,20,4
EDISON PARK,2010,19,43
EDISON PARK,2011,19,2
EDISON PARK,2012,12,39
EDISON PARK,2013,21,10
EDISON PARK,2014,14,41
EDISON PARK,2015,16,17
EDISON PARK,2016,3,126
EDISON PARK,2017,0,38
EDISON PARK,2018,0,10
ENGLEWOOD,1997,0,1
ENGLEWOOD,1999,0,2
ENGLEWOOD,2000,0,2
ENGLEWOOD,2001,0,8
ENGLEWOOD,2002,618,66
ENGLEWOOD,2003,165,175
ENGLEWOOD,2004,146,137
ENGLEWOOD,2005,146,148
ENGLEWOOD,2006,143,136
ENGLEWOOD,2007,104,95
ENGLEWOOD,2008,101,44
ENGLEWOOD,2009,99,122
ENGLEWOOD,2010,92,105
ENGLEWOOD,2011,99,104
ENGLEWOOD,2012,77,85
ENGLEWOOD,2013,77,127
ENGLEWOOD,2014,54,77
ENGLEWOOD,2015,74,103
ENGLEWOOD,2016,16,180
ENGLEWOOD,2017,0,262
ENGLEWOOD,2018,0,29
GARFIELD PARK,1997,0,2
GARFIELD PARK,2002,502,44
GARFIELD PARK,2003,151,129
GARFIELD PARK,2004,140,127
GARFIELD PARK,2005,130,129
GARFIELD PARK,2006,117,111
GARFIELD PARK,2007,83,87
GARFIELD PARK,2008,88,98
GARFIELD PARK,2009,78,16
GARFIELD PARK,2010,82,164
GARFIELD PARK,2011,71,24
GARFIELD PARK,2012,77,145
GARFIELD PARK,2013,66,54
GARFIELD PARK,2014,56,111
GARFIELD PARK,2015,67,63
GARFIELD PARK,2016,14,307
GARFIELD PARK,2017,0,131
GARFIELD PARK,2018,0,34
GARFIELD PARK,2019,0,1
GOLD COAST,1996,0,1
GOLD COAST,1997,0,1
GOLD COAST,2001,0,1
GOLD COAST,2002,175,2
GOLD COAST,2003,32,35
GOLD COAST,2004,34,22
GOLD COAST,2005,23,32
GOLD COAST,2006,26,20
GOLD COAST,2007,14,15
GOLD COAST,2008,11,9
GOLD COAST,2009,15,10
GOLD COAST,2010,19,18
GOLD COAST,2011,18,11
GOLD COAST,2012,20,19
GOLD COAST,2013,16,31
GOLD COAST,2014,14,20
GOLD COAST,2015,17,21
GOLD COAST,2016,3,43
GOLD COAST,2017,0,51
GOLD COAST,2018,0,46
GRANT PARK,2002,1,0
GRANT PARK,2003,2,0
GRANT PARK,2004,1,1
GRANT PARK,2006,0,1
GRANT PARK,2007,4,1
GRANT PARK,2008,4,3
GRANT PARK,2009,1,0
GRANT PARK,2010,4,3
GRANT PARK,2011,4,3
GRANT PARK,2012,4,2
GRANT PARK,2013,2,7
GRANT PARK,2014,1,1
GRANT PARK,2015,1,1
GRANT PARK,2016,0,2
GREEKTOWN,1998,0,1
GREEKTOWN,2002,69,2
GREEKTOWN,2003,9,7
GREEKTOWN,2004,8,12
GREEKTOWN,2005,6,7
GREEKTOWN,2006,8,5
GREEKTOWN,2007,4,6
GREEKTOWN,2008,8,7
GREEKTOWN,2009,10,9
GREEKTOWN,2010,4,6
GREEKTOWN,2011,18,7
GREEKTOWN,2012,3,4
GREEKTOWN,2013,9,14
GREEKTOWN,2014,5,6
GREEKTOWN,2015,3,6
GREEKTOWN,2016,2,20
GREEKTOWN,2017,0,31
GREEKTOWN,2018,0,10
HUMBOLDT PARK,1998,0,1
HUMBOLDT PARK,2000,0,1
HUMBOLDT PARK,2001,0,8
HUMBOLDT PARK,2002,1071,106
HUMBOLDT PARK,2003,274,207
HUMBOLDT PARK,2004,237,235
HUMBOLDT PARK,2005,194,201
HUMBOLDT PARK,2006,199,189
HUMBOLDT PARK,2007,200,182
HUMBOLDT PARK,2008,149,37
HUMBOLDT PARK,2009,152,242
HUMBOLDT PARK,2010,118,92
HUMBOLDT PARK,2011,126,236
HUMBOLDT PARK,2012,124,85
HUMBOLDT PARK,2013,139,214
HUMBOLDT PARK,2014,117,110
HUMBOLDT PARK,2015,132,183
HUMBOLDT PARK,2016,27,297
HUMBOLDT PARK,2017,0,563
HUMBOLDT PARK,2018,0,71
HYDE PARK,1998,0,1
HYDE PARK,2000,0,1
HYDE PARK,2002,317,13
HYDE PARK,2003,84,50
HYDE PARK,2004,67,51
HYDE PARK,2005,46,69
HYDE PARK,2006,46,47
HYDE PARK,2007,45,38
HYDE PARK,2008,42,35
HYDE PARK,2009,32,26
HYDE PARK,2010,32,47
HYDE PARK,2011,32,25
HYDE PARK,2012,44,64
HYDE PARK,2013,28,29
HYDE PARK,2014,32,65
HYDE PARK,2015,34,27
HYDE PARK,2016,8,174
HYDE PARK,2017,0,96
HYDE PARK,2018,0,16
"IRVING PARK,AVONDALE",1998,0,2
"IRVING PARK,AVONDALE",1999,0,2
"IRVING PARK,AVONDALE",2000,0,2
"IRVING PARK,AVONDALE",2002,1012,23
"IRVING PARK,AVONDALE",2003,212,148
"IRVING PARK,AVONDALE",2004,176,136
"IRVING PARK,AVONDALE",2005,140,205
"IRVING PARK,AVONDALE",2006,141,157
"IRVING PARK,AVONDALE",2007,117,161
"IRVING PARK,AVONDALE",2008,102,106
"IRVING PARK,AVONDALE",2009,143,122
"IRVING PARK,AVONDALE",2010,112,110
"IRVING PARK,AVONDALE",2011,133,126
"IRVING PARK,AVONDALE",2012,121,127
"IRVING PARK,AVONDALE",2013,87,152
"IRVING PARK,AVONDALE",2014,110,128
"IRVING PARK,AVONDALE",2015,120,125
"IRVING PARK,AVONDALE",2016,30,405
"IRVING PARK,AVONDALE",2017,0,479
"IRVING PARK,AVONDALE",2018,0,75
JACKSON PARK,2002,4,0
JACKSON PARK,2004,2,1
JACKSON PARK,2005,1,0
JACKSON PARK,2008,0,1
JACKSON PARK,2009,1,0
JACKSON PARK,2010,0,1
JACKSON PARK,2011,2,0
JACKSON PARK,2012,0,1
JACKSON PARK,2016,0,1
JACKSON PARK,2017,0,3
JEFFERSON PARK,1997,0,1
JEFFERSON PARK,2002,435,13
JEFFERSON PARK,2003,74,49
JEFFERSON PARK,2004,62,62
JEFFERSON PARK,2005,56,87
JEFFERSON PARK,2006,52,48
JEFFERSON PARK,2007,51,98
JEFFERSON PARK,2008,46,14
JEFFERSON PARK,2009,48,63
JEFFERSON PARK,2010,35,21
JEFFERSON PARK,2011,35,56
JEFFERSON PARK,2012,30,27
JEFFERSON PARK,2013,41,54
JEFFERSON PARK,2014,27,37
JEFFERSON PARK,2015,27,67
JEFFERSON PARK,2016,6,100
JEFFERSON PARK,2017,0,219
JEFFERSON PARK,2018,0,24
"KENWOOD,OAKLAND",2002,102,7
"KENWOOD,OAKLAND",2003,36,22
"KENWOOD,OAKLAND",2004,39,25
"KENWOOD,OAKLAND",2005,22,35
"KENWOOD,OAKLAND",2006,27,20
"KENWOOD,OAKLAND",2007,21,27
"KENWOOD,OAKLAND",2008,24,13
"KENWOOD,OAKLAND",2009,23,25
"KENWOOD,OAKLAND",2010,33,19
"KENWOOD,OAKLAND",2011,20,20
"KENWOOD,OAKLAND",2012,12,26
"KENWOOD,OAKLAND",2013,20,26
"KENWOOD,OAKLAND",2014,9,17
"KENWOOD,OAKLAND",2015,18,22
"KENWOOD,OAKLAND",2016,3,49
"KENWOOD,OAKLAND",2017,0,51
"KENWOOD,OAKLAND",2018,0,8
LAKE VIEW,1997,0,2
LAKE VIEW,1998,0,1
LAKE VIEW,1999,0,3
LAKE VIEW,2001,0,4
LAKE VIEW,2002,1578,34
LAKE VIEW,2003,345,221
LAKE VIEW,2004,299,222
LAKE VIEW,2005,241,333
LAKE VIEW,2006,218,221
LAKE VIEW,2007,211,204
LAKE VIEW,2008,192,65
LAKE VIEW,2009,225,272
LAKE VIEW,2010,173,111
LAKE VIEW,2011,211,263
LAKE VIEW,2012,172,135
LAKE VIEW,2013,171,262
LAKE VIEW,2014,160,155
LAKE VIEW,2015,147,272
LAKE VIEW,2016,42,490
LAKE VIEW,2017,0,899
LAKE VIEW,2018,0,109
LINCOLN PARK,1996,0,2
LINCOLN PARK,1998,0,2
LINCOLN PARK,2001,0,2
LINCOLN PARK,2002,984,8
LINCOLN PARK,2003,170,120
LINCOLN PARK,2004,164,172
LINCOLN PARK,2005,169,161
LINCOLN PARK,2006,118,138
LINCOLN PARK,2007,118,99
LINCOLN PARK,2008,93,5
LINCOLN PARK,2009,107,203
LINCOLN PARK,2010,114,27
LINCOLN PARK,2011,135,190
LINCOLN PARK,2012,97,45
LINCOLN PARK,2013,115,170
LINCOLN PARK,2014,93,58
LINCOLN PARK,2015,93,185
LINCOLN PARK,2016,27,186
LINCOLN PARK,2017,0,651
LINCOLN PARK,2018,0,68
LINCOLN SQUARE,1997,0,1
LINCOLN SQUARE,1998,0,1
LINCOLN SQUARE,1999,0,2
LINCOLN SQUARE,2001,0,7
LINCOLN SQUARE,2002,738,57
LINCOLN SQUARE,2003,197,130
LINCOLN SQUARE,2004,176,176
LINCOLN SQUARE,2005,128,167
LINCOLN SQUARE,2006,117,117
LINCOLN SQUARE,2007,109,111
LINCOLN SQUARE,2008,107,9
LINCOLN SQUARE,2009,99,165
LINCOLN SQUARE,2010,86,16
LINCOLN SQUARE,2011,73,138
LINCOLN SQUARE,2012,80,37
LINCOLN SQUARE,2013,71,131
LINCOLN SQUARE,2014,72,58
LINCOLN SQUARE,2015,74,125
LINCOLN SQUARE,2016,19,156
LINCOLN SQUARE,2017,0,468
LINCOLN SQUARE,2018,0,42
"LITTLE ITALY, UIC",1997,0,1
"LITTLE ITALY, UIC",1999,0,1
"LITTLE ITALY, UIC",2000,0,2
"LITTLE ITALY, UIC",2002,350,20
"LITTLE ITALY, UIC",2003,78,58
"LITTLE ITALY, UIC",2004,61,59
"LITTLE ITALY, UIC",2005,54,49
"LITTLE ITALY, UIC",2006,60,48
"LITTLE ITALY, UIC",2007,52,61
"LITTLE ITALY, UIC",2008,51,35
"LITTLE ITALY, UIC",2009,34,30
"LITTLE ITALY, UIC",2010,43,63
"LITTLE ITALY, UIC",2011,50,35
"LITTLE ITALY, UIC",2012,48,47
"LITTLE ITALY, UIC",2013,43,37
"LITTLE ITALY, UIC",2014,50,54
"LITTLE ITALY, UIC",2015,39,44
"LITTLE ITALY, UIC",2016,4,195
"LITTLE ITALY, UIC",2017,0,118
"LITTLE ITALY, UIC",2018,0,28
LITTLE VILLAGE,1996,0,3
LITTLE VILLAGE,1998,0,2
LITTLE VILLAGE,1999,0,1
LITTLE VILLAGE,2000,0,3
LITTLE VILLAGE,2001,0,2
LITTLE VILLAGE,2002,1064,41
LITTLE VILLAGE,2003,235,189
LITTLE VILLAGE,2004,200,167
LITTLE VILLAGE,2005,181,176
LITTLE VILLAGE,2006,217,177
LITTLE VILLAGE,2007,191,203
LITTLE VILLAGE,2008,147,155
LITTLE VILLAGE,2009,134,106
LITTLE VILLAGE,2010,168,230
LITTLE VILLAGE,2011,168,62
LITTLE VILLAGE,2012,131,225
LITTLE VILLAGE,2013,125,162
LITTLE VILLAGE,2014,107,170
LITTLE VILLAGE,2015,110,132
LITTLE VILLAGE,2016,18,647
LITTLE VILLAGE,2017,0,308
LITTLE VILLAGE,2018,0,56
LOGAN SQUARE,1997,0,1
LOGAN SQUARE,1999,0,3
LOGAN SQUARE,2001,0,2
LOGAN SQUARE,2002,901,43
LOGAN SQUARE,2003,257,156
LOGAN SQUARE,2004,186,223
LOGAN SQUARE,2005,159,194
LOGAN SQUARE,2006,206,164
LOGAN SQUARE,2007,137,168
LOGAN SQUARE,2008,125,4
LOGAN SQUARE,2009,145,267
LOGAN SQUARE,2010,142,25
LOGAN SQUARE,2011,139,197
LOGAN SQUARE,2012,111,56
LOGAN SQUARE,2013,117,203
LOGAN SQUARE,2014,93,62
LOGAN SQUARE,2015,83,212
LOGAN SQUARE,2016,14,162
LOGAN SQUARE,2017,0,553
LOGAN SQUARE,2018,0,52
LOOP,1996,0,2
LOOP,1997,0,8
LOOP,1998,0,5
LOOP,2000,0,6
LOOP,2001,0,19
LOOP,2002,3045,103
LOOP,2003,521,353
LOOP,2004,405,393
LOOP,2005,609,337
LOOP,2006,436,385
LOOP,2007,499,289
LOOP,2008,1221,381
LOOP,2009,394,42
LOOP,2010,347,986
LOOP,2011,322,39
LOOP,2012,299,791
LOOP,2013,262,151
LOOP,2014,284,705
LOOP,2015,283,202
LOOP,2016,56,2207
LOOP,2017,0,753
LOOP,2018,0,832
LOWER WEST SIDE,1996,0,1
LOWER WEST SIDE,1997,0,3
LOWER WEST SIDE,1999,0,1
LOWER WEST SIDE,2000,0,1
LOWER WEST SIDE,2001,0,2
LOWER WEST SIDE,2002,883,14
LOWER WEST SIDE,2003,175,155
LOWER WEST SIDE,2004,146,99
LOWER WEST SIDE,2005,156,163
LOWER WEST SIDE,2006,156,136
LOWER WEST SIDE,2007,153,223
LOWER WEST SIDE,2008,128,25
LOWER WEST SIDE,2009,141,203
LOWER WEST SIDE,2010,119,51
LOWER WEST SIDE,2011,124,197
LOWER WEST SIDE,2012,117,79
LOWER WEST SIDE,2013,107,171
LOWER WEST SIDE,2014,114,106
LOWER WEST SIDE,2015,106,189
LOWER WEST SIDE,2016,13,243
LOWER WEST SIDE,2017,0,522
LOWER WEST SIDE,2018,0,69
"MARQUETTE PARK,GAGE PARK",1997,0,1
"MARQUETTE PARK,GAGE PARK",1998,0,2
"MARQUETTE PARK,GAGE PARK",2001,0,2
"MARQUETTE PARK,GAGE PARK",2002,370,21
"MARQUETTE PARK,GAGE PARK",2003,89,78
"MARQUETTE PARK,GAGE PARK",2004,67,49
"MARQUETTE PARK,GAGE PARK",2005,70,66
"MARQUETTE PARK,GAGE PARK",2006,90,69
"MARQUETTE PARK,GAGE PARK",2007,67,68
"MARQUETTE PARK,GAGE PARK",2008,58,2
"MARQUETTE PARK,GAGE PARK",2009,80,112
"MARQUETTE PARK,GAGE PARK",2010,53,23
"MARQUETTE PARK,GAGE PARK",2011,53,87
"MARQUETTE PARK,GAGE PARK",2012,51,28
"MARQUETTE PARK,GAGE PARK",2013,52,78
"MARQUETTE PARK,GAGE PARK",2014,30,42
"MARQUETTE PARK,GAGE PARK",2015,54,72
"MARQUETTE PARK,GAGE PARK",2016,8,69
"MARQUETTE PARK,GAGE PARK",2017,0,265
"MARQUETTE PARK,GAGE PARK",2018,0,43
MIDWAY AIRPORT,1996,0,1
MIDWAY AIRPORT,2002,279,4
MIDWAY AIRPORT,2003,42,32
MIDWAY AIRPORT,2004,33,40
MIDWAY AIRPORT,2005,40,24
MIDWAY AIRPORT,2006,26,42
MIDWAY AIRPORT,2007,25,23
MIDWAY AIRPORT,2008,28,23
MIDWAY AIRPORT,2009,21,10
MIDWAY AIRPORT,2010,26,45
MIDWAY AIRPORT,2011,23,8
MIDWAY AIRPORT,2012,23,41
MIDWAY AIRPORT,2013,17,18
MIDWAY AIRPORT,2014,15,46
MIDWAY AIRPORT,2015,17,14
MIDWAY AIRPORT,2016,3,56
MIDWAY AIRPORT,2017,0,73
MIDWAY AIRPORT,2018,0,138
MILLENIUM PARK,2003,2,0
MILLENIUM PARK,2004,3,0
MILLENIUM PARK,2005,0,1
MILLENIUM PARK,2006,1,1
MILLENIUM PARK,2007,4,2
MILLENIUM PARK,2008,3,2
MILLENIUM PARK,2009,2,0
MILLENIUM PARK,2010,1,3
MILLENIUM PARK,2011,1,1
MILLENIUM PARK,2012,1,1
MILLENIUM PARK,2013,2,0
MILLENIUM PARK,2014,1,0
MILLENIUM PARK,2015,1,2
MILLENIUM PARK,2016,0,4
MILLENIUM PARK,2017,0,3
MILLENIUM PARK,2018,0,3
"MONTCLARE, GALEWOOD",1901,0,1
"MONTCLARE, GALEWOOD",1997,0,1
"MONTCLARE, GALEWOOD",1999,0,1
"MONTCLARE, GALEWOOD",2001,0,1
"MONTCLARE, GALEWOOD",2002,186,4
"MONTCLARE, GALEWOOD",2003,37,27
"MONTCLARE, GALEWOOD",2004,37,15
"MONTCLARE, GALEWOOD",2005,23,40
"MONTCLARE, GALEWOOD",2006,27,32
"MONTCLARE, GALEWOOD",2007,25,42
"MONTCLARE, GALEWOOD",2008,20,13
"MONTCLARE, GALEWOOD",2009,18,13
"MONTCLARE, GALEWOOD",2010,23,36
"MONTCLARE, GALEWOOD",2011,20,12
"MONTCLARE, GALEWOOD",2012,21,28
"MONTCLARE, GALEWOOD",2013,19,23
"MONTCLARE, GALEWOOD",2014,22,29
"MONTCLARE, GALEWOOD",2015,10,22
"MONTCLARE, GALEWOOD",2016,5,43
"MONTCLARE, GALEWOOD",2017,0,51
"MONTCLARE, GALEWOOD",2018,0,62
"MOUNT GREENWOOD,MORGAN PARK",2001,0,1
"MOUNT GREENWOOD,MORGAN PARK",2002,285,22
"MOUNT GREENWOOD,MORGAN PARK",2003,78,55
"MOUNT GREENWOOD,MORGAN PARK",2004,56,58
"MOUNT GREENWOOD,MORGAN PARK",2005,57,65
"MOUNT GREENWOOD,MORGAN PARK",2006,48,52
"MOUNT GREENWOOD,MORGAN PARK",2007,46,53
"MOUNT GREENWOOD,MORGAN PARK",2008,46,2
"MOUNT GREENWOOD,MORGAN PARK",2009,39,90
"MOUNT GREENWOOD,MORGAN PARK",2010,37,3
"MOUNT GREENWOOD,MORGAN PARK",2011,25,66
"MOUNT GREENWOOD,MORGAN PARK",2012,27,20
"MOUNT GREENWOOD,MORGAN PARK",2013,33,64
"MOUNT GREENWOOD,MORGAN PARK",2014,23,15
"MOUNT GREENWOOD,MORGAN PARK",2015,34,54
"MOUNT GREENWOOD,MORGAN PARK",2016,7,43
"MOUNT GREENWOOD,MORGAN PARK",2017,0,178
"MOUNT GREENWOOD,MORGAN PARK",2018,0,15
MUSEUM CAMPUS,2002,14,2
MUSEUM CAMPUS,2003,3,1
MUSEUM CAMPUS,2004,1,0
MUSEUM CAMPUS,2005,3,4
MUSEUM CAMPUS,2006,3,0
MUSEUM CAMPUS,2007,2,4
MUSEUM CAMPUS,2008,3,2
MUSEUM CAMPUS,2009,2,1
MUSEUM CAMPUS,2010,2,3
MUSEUM CAMPUS,2011,3,2
MUSEUM CAMPUS,2012,2,1
MUSEUM CAMPUS,2013,5,3
MUSEUM CAMPUS,2014,0,2
MUSEUM CAMPUS,2015,1,3
MUSEUM CAMPUS,2016,0,11
MUSEUM CAMPUS,2017,0,5
MUSEUM CAMPUS,2018,0,1
NEAR SOUTH SIDE,1997,0,3
NEAR SOUTH SIDE,2001,0,2
NEAR SOUTH SIDE,2002,269,20
NEAR SOUTH SIDE,2003,87,46
NEAR SOUTH SIDE,2004,69,43
NEAR SOUTH SIDE,2005,60,61
NEAR SOUTH SIDE,2006,54,43
NEAR SOUTH SIDE,2007,59,44
NEAR SOUTH SIDE,2008,37,45
NEAR SOUTH SIDE,2009,45,5
NEAR SOUTH SIDE,2010,50,74
NEAR SOUTH SIDE,2011,57,2
NEAR SOUTH SIDE,2012,61,78
NEAR SOUTH SIDE,2013,60,31
NEAR SOUTH SIDE,2014,44,71
NEAR SOUTH SIDE,2015,32,49
NEAR SOUTH SIDE,2016,9,214
NEAR SOUTH SIDE,2017,0,94
NEAR SOUTH SIDE,2018,0,21
NORTH CENTER,1996,0,1
NORTH CENTER,1997,0,2
NORTH CENTER,1998,0,2
NORTH CENTER,1999,0,1
NORTH CENTER,2000,0,2
NORTH CENTER,2002,708,10
NORTH CENTER,2003,123,88
NORTH CENTER,2004,132,86
NORTH CENTER,2005,91,135
NORTH CENTER,2006,115,84
NORTH CENTER,2007,109,106
NORTH CENTER,2008,90,124
NORTH CENTER,2009,108,63
NORTH CENTER,2010,92,145
NORTH CENTER,2011,75,22
NORTH CENTER,2012,78,125
NORTH CENTER,2013,66,41
NORTH CENTER,2014,66,110
NORTH CENTER,2015,76,63
NORTH CENTER,2016,16,472
NORTH CENTER,2017,0,214
NORTH CENTER,2018,0,47
NORTH LAWNDALE,1998,0,2
NORTH LAWNDALE,2001,0,2
NORTH LAWNDALE,2002,389,31
NORTH LAWNDALE,2003,120,93
NORTH LAWNDALE,2004,89,76
NORTH LAWNDALE,2005,107,85
NORTH LAWNDALE,2006,75,90
NORTH LAWNDALE,2007,69,53
NORTH LAWNDALE,2008,63,80
NORTH LAWNDALE,2009,63,18
NORTH LAWNDALE,2010,67,124
NORTH LAWNDALE,2011,52,22
NORTH LAWNDALE,2012,62,99
NORTH LAWNDALE,2013,45,34
NORTH LAWNDALE,2014,48,105
NORTH LAWNDALE,2015,42,51
NORTH LAWNDALE,2016,11,240
NORTH LAWNDALE,2017,0,88
NORTH LAWNDALE,2018,0,27
"NORTH PARK,ALBANY PARK",1996,0,2
"NORTH PARK,ALBANY PARK",1997,0,1
"NORTH PARK,ALBANY PARK",1998,0,3
"NORTH PARK,ALBANY PARK",2000,0,2
"NORTH PARK,ALBANY PARK",2001,0,4
"NORTH PARK,ALBANY PARK",2002,854,53
"NORTH PARK,ALBANY PARK",2003,214,177
"NORTH PARK,ALBANY PARK",2004,195,179
"NORTH PARK,ALBANY PARK",2005,186,174
"NORTH PARK,ALBANY PARK",2006,146,167
"NORTH PARK,ALBANY PARK",2007,139,155
"NORTH PARK,ALBANY PARK",2008,126,37
"NORTH PARK,ALBANY PARK",2009,132,213
"NORTH PARK,ALBANY PARK",2010,113,50
"NORTH PARK,ALBANY PARK",2011,106,167
"NORTH PARK,ALBANY PARK",2012,104,46
"NORTH PARK,ALBANY PARK",2013,86,160
"NORTH PARK,ALBANY PARK",2014,102,77
"NORTH PARK,ALBANY PARK",2015,97,151
"NORTH PARK,ALBANY PARK",2016,26,220
"NORTH PARK,ALBANY PARK",2017,0,493
"NORTH PARK,ALBANY PARK",2018,0,65
NORWOOD PARK,1996,0,2
NORWOOD PARK,1999,0,1
NORWOOD PARK,2001,0,1
NORWOOD PARK,2002,454,20
NORWOOD PARK,2003,92,59
NORWOOD PARK,2004,61,58
NORWOOD PARK,2005,55,76
NORWOOD PARK,2006,66,70
NORWOOD PARK,2007,41,45
NORWOOD PARK,2008,49,26
NORWOOD PARK,2009,51,46
NORWOOD PARK,2010,33,57
NORWOOD PARK,2011,47,33
NORWOOD PARK,2012,25,47
NORWOOD PARK,2013,33,39
NORWOOD PARK,2014,35,49
NORWOOD PARK,2015,29,50
NORWOOD PARK,2016,8,227
NORWOOD PARK,2017,0,180
NORWOOD PARK,2018,0,21
"OAKLAND,KENWOOD",2002,11,0
"OAKLAND,KENWOOD",2003,15,3
"OAKLAND,KENWOOD",2004,9,3
"OAKLAND,KENWOOD",2005,4,11
"OAKLAND,KENWOOD",2006,3,8
"OAKLAND,KENWOOD",2007,1,3
"OAKLAND,KENWOOD",2008,7,1
"OAKLAND,KENWOOD",2009,8,7
"OAKLAND,KENWOOD",2010,2,3
"OAKLAND,KENWOOD",2011,4,8
"OAKLAND,KENWOOD",2012,3,1
"OAKLAND,KENWOOD",2013,6,6
"OAKLAND,KENWOOD",2014,6,6
"OAKLAND,KENWOOD",2015,6,9
"OAKLAND,KENWOOD",2016,2,6
"OAKLAND,KENWOOD",2017,0,11
"OAKLAND,KENWOOD",2018,0,3
OHARE,2001,0,1
OHARE,2002,199,11
OHARE,2003,46,35
OHARE,2004,39,32
OHARE,2005,40,33
OHARE,2006,38,31
OHARE,2007,41,39
OHARE,2008,29,14
OHARE,2009,42,31
OHARE,2010,21,45
OHARE,2011,21,17
OHARE,2012,27,33
OHARE,2013,16,31
OHARE,2014,12,28
OHARE,2015,10,22
OHARE,2016,5,96
OHARE,2017,0,62
OHARE,2018,0,17
OLD TOWN,1998,0,1
OLD TOWN,1999,0,1
OLD TOWN,2000,0,1
OLD TOWN,2002,373,4
OLD TOWN,2003,82,42
OLD TOWN,2004,90,63
OLD TOWN,2005,50,78
OLD TOWN,2006,65,61
OLD TOWN,2007,65,61
OLD TOWN,2008,44,32
OLD TOWN,2009,49,41
OLD TOWN,2010,35,47
OLD TOWN,2011,39,38
OLD TOWN,2012,46,52
OLD TOWN,2013,41,33
OLD TOWN,2014,30,66
OLD TOWN,2015,45,38
OLD TOWN,2016,4,96
OLD TOWN,2017,0,182
OLD TOWN,2018,0,103
PORTAGE PARK,1996,0,2
PORTAGE PARK,1997,0,1
PORTAGE PARK,1998,0,2
PORTAGE PARK,1999,0,3
PORTAGE PARK,2000,0,1
PORTAGE PARK,2001,0,2
PORTAGE PARK,2002,987,45
PORTAGE PARK,2003,212,159
PORTAGE PARK,2004,205,168
PORTAGE PARK,2005,145,182
PORTAGE PARK,2006,144,142
PORTAGE PARK,2007,128,173
PORTAGE PARK,2008,97,8
PORTAGE PARK,2009,103,236
PORTAGE PARK,2010,83,19
PORTAGE PARK,2011,87,185
PORTAGE PARK,2012,108,44
PORTAGE PARK,2013,90,172
PORTAGE PARK,2014,110,69
PORTAGE PARK,2015,78,129
PORTAGE PARK,2016,15,171
PORTAGE PARK,2017,0,628
PORTAGE PARK,2018,0,50
PRINTERS ROW,2001,0,3
PRINTERS ROW,2002,72,6
PRINTERS ROW,2003,12,10
PRINTERS ROW,2004,11,12
PRINTERS ROW,2005,13,6
PRINTERS ROW,2006,3,8
PRINTERS ROW,2007,9,5
PRINTERS ROW,2008,15,3
PRINTERS ROW,2009,9,2
PRINTERS ROW,2010,3,19
PRINTERS ROW,2011,10,0
PRINTERS ROW,2012,7,13
PRINTERS ROW,2013,7,5
PRINTERS ROW,2014,5,12
PRINTERS ROW,2015,9,6
PRINTERS ROW,2016,3,50
PRINTERS ROW,2017,0,20
PRINTERS ROW,2018,0,6
PULLMAN,2001,0,1
PULLMAN,2002,96,14
PULLMAN,2003,28,20
PULLMAN,2004,17,16
PULLMAN,2005,17,22
PULLMAN,2006,14,9
PULLMAN,2007,17,12
PULLMAN,2008,10,0
PULLMAN,2009,9,20
PULLMAN,2010,9,2
PULLMAN,2011,10,23
PULLMAN,2012,7,3
PULLMAN,2013,9,11
PULLMAN,2014,17,7
PULLMAN,2015,8,14
PULLMAN,2016,0,27
PULLMAN,2017,0,58
PULLMAN,2018,0,4
RIVER NORTH,1996,0,1
RIVER NORTH,1997,0,4
RIVER NORTH,1998,0,7
RIVER NORTH,2000,0,5
RIVER NORTH,2001,0,2
RIVER NORTH,2002,1609,26
RIVER NORTH,2003,437,193
RIVER NORTH,2004,341,190
RIVER NORTH,2005,229,236
RIVER NORTH,2006,209,218
RIVER NORTH,2007,227,189
RIVER NORTH,2008,439,206
RIVER NORTH,2009,167,55
RIVER NORTH,2010,175,451
RIVER NORTH,2011,168,49
RIVER NORTH,2012,209,434
RIVER NORTH,2013,159,104
RIVER NORTH,2014,165,339
RIVER NORTH,2015,163,131
RIVER NORTH,2016,32,802
RIVER NORTH,2017,0,495
RIVER NORTH,2018,0,538
RIVERDALE,2002,50,1
RIVERDALE,2003,12,8
RIVERDALE,2004,8,11
RIVERDALE,2005,3,10
RIVERDALE,2006,3,5
RIVERDALE,2007,4,6
RIVERDALE,2008,5,4
RIVERDALE,2009,3,2
RIVERDALE,2010,4,6
RIVERDALE,2011,4,5
RIVERDALE,2012,6,5
RIVERDALE,2013,0,5
RIVERDALE,2014,3,3
RIVERDALE,2015,3,4
RIVERDALE,2016,0,23
RIVERDALE,2017,0,6
RIVERDALE,2018,0,3
ROGERS PARK,1998,0,2
ROGERS PARK,2000,0,1
ROGERS PARK,2001,0,5
ROGERS PARK,2002,625,68
ROGERS PARK,2003,172,138
ROGERS PARK,2004,179,182
ROGERS PARK,2005,139,137
ROGERS PARK,2006,118,132
ROGERS PARK,2007,101,91
ROGERS PARK,2008,102,85
ROGERS PARK,2009,86,35
ROGERS PARK,2010,75,138
ROGERS PARK,2011,82,38
ROGERS PARK,2012,86,120
ROGERS PARK,2013,78,64
ROGERS PARK,2014,85,117
ROGERS PARK,2015,92,71
ROGERS PARK,2016,19,359
ROGERS PARK,2017,0,207
ROGERS PARK,2018,0,40
RUSH & DIVISION,2000,0,1
RUSH & DIVISION,2001,0,2
RUSH & DIVISION,2002,250,1
RUSH & DIVISION,2003,51,37
RUSH & DIVISION,2004,34,33
RUSH & DIVISION,2005,43,50
RUSH & DIVISION,2006,30,31
RUSH & DIVISION,2007,37,37
RUSH & DIVISION,2008,21,22
RUSH & DIVISION,2009,22,23
RUSH & DIVISION,2010,21,30
RUSH & DIVISION,2011,20,16
RUSH & DIVISION,2012,24,28
RUSH & DIVISION,2013,25,15
RUSH & DIVISION,2014,14,22
RUSH & DIVISION,2015,23,26
RUSH & DIVISION,2016,8,58
RUSH & DIVISION,2017,0,100
RUSH & DIVISION,2018,0,62
"SAUGANASH,FOREST GLEN",1997,0,1
"SAUGANASH,FOREST GLEN",1998,0,1
"SAUGANASH,FOREST GLEN",2000,0,1
"SAUGANASH,FOREST GLEN",2001,0,1
"SAUGANASH,FOREST GLEN",2002,287,16
"SAUGANASH,FOREST GLEN",2003,56,37
"SAUGANASH,FOREST GLEN",2004,55,35
"SAUGANASH,FOREST GLEN",2005,53,51
"SAUGANASH,FOREST GLEN",2006,53,36
"SAUGANASH,FOREST GLEN",2007,40,40
"SAUGANASH,FOREST GLEN",2008,42,46
"SAUGANASH,FOREST GLEN",2009,24,21
"SAUGANASH,FOREST GLEN",2010,30,46
"SAUGANASH,FOREST GLEN",2011,33,26
"SAUGANASH,FOREST GLEN",2012,35,44
"SAUGANASH,FOREST GLEN",2013,22,28
"SAUGANASH,FOREST GLEN",2014,32,63
"SAUGANASH,FOREST GLEN",2015,21,23
"SAUGANASH,FOREST GLEN",2016,11,185
"SAUGANASH,FOREST GLEN",2017,0,82
"SAUGANASH,FOREST GLEN",2018,0,22
SHEFFIELD & DEPAUL,1997,0,1
SHEFFIELD & DEPAUL,1999,0,2
SHEFFIELD & DEPAUL,2002,189,1
SHEFFIELD & DEPAUL,2003,40,22
SHEFFIELD & DEPAUL,2004,44,32
SHEFFIELD & DEPAUL,2005,37,33
SHEFFIELD & DEPAUL,2006,25,39
SHEFFIELD & DEPAUL,2007,21,18
SHEFFIELD & DEPAUL,2008,21,2
SHEFFIELD & DEPAUL,2009,25,58
SHEFFIELD & DEPAUL,2010,18,5
SHEFFIELD & DEPAUL,2011,20,44
SHEFFIELD & DEPAUL,2012,18,3
SHEFFIELD & DEPAUL,2013,19,33
SHEFFIELD & DEPAUL,2014,13,10
SHEFFIELD & DEPAUL,2015,22,36
SHEFFIELD & DEPAUL,2016,1,26
SHEFFIELD & DEPAUL,2017,0,123
SHEFFIELD & DEPAUL,2018,0,5
SOUTH CHICAGO,1998,0,1
SOUTH CHICAGO,2000,0,1
SOUTH CHICAGO,2001,0,1
SOUTH CHICAGO,2002,368,16
SOUTH CHICAGO,2003,86,87
SOUTH CHICAGO,2004,81,69
SOUTH CHICAGO,2005,69,81
SOUTH CHICAGO,2006,58,66
SOUTH CHICAGO,2007,61,54
SOUTH CHICAGO,2008,49,61
SOUTH CHICAGO,2009,54,12
SOUTH CHICAGO,2010,28,99
SOUTH CHICAGO,2011,51,13
SOUTH CHICAGO,2012,42,97
SOUTH CHICAGO,2013,41,33
SOUTH CHICAGO,2014,37,81
SOUTH CHICAGO,2015,31,40
SOUTH CHICAGO,2016,3,173
SOUTH CHICAGO,2017,0,62
SOUTH CHICAGO,2018,0,15
"SOUTH SHORE, GRAND CROSSING",1997,0,1
"SOUTH SHORE, GRAND CROSSING",2001,0,6
"SOUTH SHORE, GRAND CROSSING",2002,522,63
"SOUTH SHORE, GRAND CROSSING",2003,155,109
"SOUTH SHORE, GRAND CROSSING",2004,133,119
"SOUTH SHORE, GRAND CROSSING",2005,94,113
"SOUTH SHORE, GRAND CROSSING",2006,106,111
"SOUTH SHORE, GRAND CROSSING",2007,95,94
"SOUTH SHORE, GRAND CROSSING",2008,80,96
"SOUTH SHORE, GRAND CROSSING",2009,76,39
"SOUTH SHORE, GRAND CROSSING",2010,79,154
"SOUTH SHORE, GRAND CROSSING",2011,73,29
"SOUTH SHORE, GRAND CROSSING",2012,55,95
"SOUTH SHORE, GRAND CROSSING",2013,46,61
"SOUTH SHORE, GRAND CROSSING",2014,70,100
"SOUTH SHORE, GRAND CROSSING",2015,36,48
"SOUTH SHORE, GRAND CROSSING",2016,13,304
"SOUTH SHORE, GRAND CROSSING",2017,0,101
"SOUTH SHORE, GRAND CROSSING",2018,0,29
SOUTHEAST SIDE,1998,0,1
SOUTHEAST SIDE,2001,0,1
SOUTHEAST SIDE,2002,219,7
SOUTHEAST SIDE,2003,41,35
SOUTHEAST SIDE,2004,31,33
SOUTHEAST SIDE,2005,33,33
SOUTHEAST SIDE,2006,36,33
SOUTHEAST SIDE,2007,21,20
SOUTHEAST SIDE,2008,25,24
SOUTHEAST SIDE,2009,19,3
SOUTHEAST SIDE,2010,22,52
SOUTHEAST SIDE,2011,27,3
SOUTHEAST SIDE,2012,21,41
SOUTHEAST SIDE,2013,33,14
SOUTHEAST SIDE,2014,20,42
SOUTHEAST SIDE,2015,13,23
SOUTHEAST SIDE,2016,5,138
SOUTHEAST SIDE,2017,0,43
SOUTHEAST SIDE,2018,0,14
STREETERVILLE,1996,0,1
STREETERVILLE,1999,0,1
STREETERVILLE,2001,0,2
STREETERVILLE,2002,383,9
STREETERVILLE,2003,77,58
STREETERVILLE,2004,77,43
STREETERVILLE,2005,124,55
STREETERVILLE,2006,72,66
STREETERVILLE,2007,71,56
STREETERVILLE,2008,220,5
STREETERVILLE,2009,68,103
STREETERVILLE,2010,37,4
STREETERVILLE,2011,58,157
STREETERVILLE,2012,34,20
STREETERVILLE,2013,31,120
STREETERVILLE,2014,40,37
STREETERVILLE,2015,38,102
STREETERVILLE,2016,6,84
STREETERVILLE,2017,0,401
STREETERVILLE,2018,0,28
UKRAINIAN VILLAGE AND EAST VILLAGE,1999,0,1
UKRAINIAN VILLAGE AND EAST VILLAGE,2000,0,2
UKRAINIAN VILLAGE AND EAST VILLAGE,2001,0,1
UKRAINIAN VILLAGE AND EAST VILLAGE,2002,171,11
UKRAINIAN VILLAGE AND EAST VILLAGE,2003,43,38
UKRAINIAN VILLAGE AND EAST VILLAGE,2004,35,26
UKRAINIAN VILLAGE AND EAST VILLAGE,2005,34,33
UKRAINIAN VILLAGE AND EAST VILLAGE,2006,36,29
UKRAINIAN VILLAGE AND EAST VILLAGE,2007,37,22
UKRAINIAN VILLAGE AND EAST VILLAGE,2008,20,31
UKRAINIAN VILLAGE AND EAST VILLAGE,2009,25,5
UKRAINIAN VILLAGE AND EAST VILLAGE,2010,31,49
UKRAINIAN VILLAGE AND EAST VILLAGE,2011,31,4
UKRAINIAN VILLAGE AND EAST VILLAGE,2012,26,38
UKRAINIAN VILLAGE AND EAST VILLAGE,2013,27,17
UKRAINIAN VILLAGE AND EAST VILLAGE,2014,22,33
UKRAINIAN VILLAGE AND EAST VILLAGE,2015,19,24
UKRAINIAN VILLAGE AND EAST VILLAGE,2016,4,123
UKRAINIAN VILLAGE AND EAST VILLAGE,2017,0,47
UKRAINIAN VILLAGE AND EAST VILLAGE,2018,0,11
UNITED CENTER,1999,0,1
UNITED CENTER,2002,197,17
UNITED CENTER,2003,62,33
UNITED CENTER,2004,48,31
UNITED CENTER,2005,38,31
UNITED CENTER,2006,41,36
UNITED CENTER,2007,32,24
UNITED CENTER,2008,31,29
UNITED CENTER,2009,47,7
UNITED CENTER,2010,63,75
UNITED CENTER,2011,86,13
UNITED CENTER,2012,41,72
UNITED CENTER,2013,58,45
UNITED CENTER,2014,33,64
UNITED CENTER,2015,30,50
UNITED CENTER,2016,4,187
UNITED CENTER,2017,0,103
UNITED CENTER,2018,0,26
UPTOWN,1996,0,1
UPTOWN,1997,0,1
UPTOWN,1998,0,1
UPTOWN,1999,0,1
UPTOWN,2001,0,1
UPTOWN,2002,852,44
UPTOWN,2003,205,157
UPTOWN,2004,171,169
UPTOWN,2005,185,205
UPTOWN,2006,135,146
UPTOWN,2007,108,126
UPTOWN,2008,106,21
UPTOWN,2009,111,153
UPTOWN,2010,92,43
UPTOWN,2011,109,152
UPTOWN,2012,85,71
UPTOWN,2013,102,138
UPTOWN,2014,96,79
UPTOWN,2015,75,158
UPTOWN,2016,15,227
UPTOWN,2017,0,488
UPTOWN,2018,0,43
"WASHINGTON HEIGHTS,ROSELAND",1997,0,1
"WASHINGTON HEIGHTS,ROSELAND",1999,0,1
"WASHINGTON HEIGHTS,ROSELAND",2001,0,2
"WASHINGTON HEIGHTS,ROSELAND",2002,261,30
"WASHINGTON HEIGHTS,ROSELAND",2003,75,56
"WASHINGTON HEIGHTS,ROSELAND",2004,68,51
"WASHINGTON HEIGHTS,ROSELAND",2005,64,57
"WASHINGTON HEIGHTS,ROSELAND",2006,46,54
"WASHINGTON HEIGHTS,ROSELAND",2007,47,50
"WASHINGTON HEIGHTS,ROSELAND",2008,34,21
"WASHINGTON HEIGHTS,ROSELAND",2009,37,59
"WASHINGTON HEIGHTS,ROSELAND",2010,37,32
"WASHINGTON HEIGHTS,ROSELAND",2011,36,48
"WASHINGTON HEIGHTS,ROSELAND",2012,37,36
"WASHINGTON HEIGHTS,ROSELAND",2013,28,56
"WASHINGTON HEIGHTS,ROSELAND",2014,35,34
"WASHINGTON HEIGHTS,ROSELAND",2015,33,39
"WASHINGTON HEIGHTS,ROSELAND",2016,11,88
"WASHINGTON HEIGHTS,ROSELAND",2017,0,121
"WASHINGTON HEIGHTS,ROSELAND",2018,0,17
WASHINGTON PARK,2002,112,7
WASHINGTON PARK,2003,20,16
WASHINGTON PARK,2004,17,21
WASHINGTON PARK,2005,20,14
WASHINGTON PARK,2006,30,30
WASHINGTON PARK,2007,26,22
WASHINGTON PARK,2008,12,19
WASHINGTON PARK,2009,21,18
WASHINGTON PARK,2010,18,23
WASHINGTON PARK,2011,16,14
WASHINGTON PARK,2012,20,28
WASHINGTON PARK,2013,16,11
WASHINGTON PARK,2014,19,22
WASHINGTON PARK,2015,11,28
WASHINGTON PARK,2016,3,50
WASHINGTON PARK,2017,0,34
WASHINGTON PARK,2018,0,4
WEST LAWN,1996,0,1
WEST LAWN,1997,0,1
WEST LAWN,1998,0,1
WEST LAWN,1999,0,1
WEST LAWN,2000,0,2
WEST LAWN,2001,0,2
WEST LAWN,2002,378,38
WEST LAWN,2003,118,94
WEST LAWN,2004,98,83
WEST LAWN,2005,84,85
WEST LAWN,2006,84,88
WEST LAWN,2007,89,75
WEST LAWN,2008,77,1
WEST LAWN,2009,89,140
WEST LAWN,2010,68,6
WEST LAWN,2011,60,113
WEST LAWN,2012,70,30
WEST LAWN,2013,52,101
WEST LAWN,2014,53,51
WEST LAWN,2015,52,88
WEST LAWN,2016,5,88
WEST LAWN,2017,0,276
WEST LAWN,2018,0,22
WEST LOOP,1996,0,2
WEST LOOP,1997,0,2
WEST LOOP,1998,0,4
WEST LOOP,1999,0,3
WEST LOOP,2000,0,5
WEST LOOP,2001,0,7
WEST LOOP,2002,1111,32
WEST LOOP,2003,204,136
WEST LOOP,2004,220,134
WEST LOOP,2005,150,140
WEST LOOP,2006,161,134
WEST LOOP,2007,222,151
WEST LOOP,2008,203,135
WEST LOOP,2009,164,93
WEST LOOP,2010,175,189
WEST LOOP,2011,167,98
WEST LOOP,2012,157,230
WEST LOOP,2013,136,102
WEST LOOP,2014,129,216
WEST LOOP,2015,137,141
WEST LOOP,2016,44,721
WEST LOOP,2017,0,495
WEST LOOP,2018,0,228
WEST PULLMAN,1997,0,1
WEST PULLMAN,1998,0,1
WEST PULLMAN,1999,0,1
WEST PULLMAN,2001,0,3
WEST PULLMAN,2002,255,33
WEST PULLMAN,2003,85,62
WEST PULLMAN,2004,62,69
WEST PULLMAN,2005,59,55
WEST PULLMAN,2006,56,63
WEST PULLMAN,2007,43,46
WEST PULLMAN,2008,43,0
WEST PULLMAN,2009,32,81
WEST PULLMAN,2010,41,9
WEST PULLMAN,2011,36,65
WEST PULLMAN,2012,30,22
WEST PULLMAN,2013,23,61
WEST PULLMAN,2014,23,24
WEST PULLMAN,2015,26,45
WEST PULLMAN,2016,5,38
WEST PULLMAN,2017,0,123
WEST PULLMAN,2018,0,11
WEST RIDGE,1996,0,1
WEST RIDGE,1998,0,1
WEST RIDGE,1999,0,3
WEST RIDGE,2000,0,1
WEST RIDGE,2001,0,8
WEST RIDGE,2002,1080,44
WEST RIDGE,2003,253,185
WEST RIDGE,2004,228,186
WEST RIDGE,2005,189,222
WEST RIDGE,2006,172,193
WEST RIDGE,2007,164,187
WEST RIDGE,2008,145,11
WEST RIDGE,2009,180,284
WEST RIDGE,2010,124,20
WEST RIDGE,2011,133,273
WEST RIDGE,2012,119,45
WEST RIDGE,2013,130,233
WEST RIDGE,2014,92,73
WEST RIDGE,2015,110,204
WEST RIDGE,2016,22,179
WEST RIDGE,2017,0,700
WEST RIDGE,2018,0,66
"WICKER PARK,WEST TOWN",1996,0,2
"WICKER PARK,WEST TOWN",1997,0,2
"WICKER PARK,WEST TOWN",1998,0,1
"WICKER PARK,WEST TOWN",1999,0,1
"WICKER PARK,WEST TOWN",2000,0,1
"WICKER PARK,WEST TOWN",2001,0,3
"WICKER PARK,WEST TOWN",2002,516,33
"WICKER PARK,WEST TOWN",2003,167,87
"WICKER PARK,WEST TOWN",2004,99,133
"WICKER PARK,WEST TOWN",2005,114,103
"WICKER PARK,WEST TOWN",2006,107,105
"WICKER PARK,WEST TOWN",2007,92,91
"WICKER PARK,WEST TOWN",2008,96,64
"WICKER PARK,WEST TOWN",2009,85,58
"WICKER PARK,WEST TOWN",2010,81,89
"WICKER PARK,WEST TOWN",2011,87,60
"WICKER PARK,WEST TOWN",2012,81,96
"WICKER PARK,WEST TOWN",2013,82,63
"WICKER PARK,WEST TOWN",2014,79,87
"WICKER PARK,WEST TOWN",2015,78,86
"WICKER PARK,WEST TOWN",2016,23,302
"WICKER PARK,WEST TOWN",2017,0,242
"WICKER PARK,WEST TOWN",2018,0,56
WOODLAWN,1997,0,1
WOODLAWN,2000,0,1
WOODLAWN,2001,0,1
WOODLAWN,2002,192,12
WOODLAWN,2003,93,51
WOODLAWN,2004,66,80
WOODLAWN,2005,49,54
WOODLAWN,2006,52,52
WOODLAWN,2007,50,41
WOODLAWN,2008,53,2
WOODLAWN,2009,38,90
WOODLAWN,2010,43,13
WOODLAWN,2011,21,58
WOODLAWN,2012,26,22
WOODLAWN,2013,30,43
WOODLAWN,2014,17,21
WOODLAWN,2015,39,53
WOODLAWN,2016,5,35
WOODLAWN,2017,0,122
WOODLAWN,2018,0,10
WRIGLEYVILLE,2002,131,3
WRIGLEYVILLE,2003,20,17
WRIGLEYVILLE,2004,27,20
WRIGLEYVILLE,2005,18,20
WRIGLEYVILLE,2006,12,14
WRIGLEYVILLE,2007,17,18
WRIGLEYVILLE,2008,19,10
WRIGLEYVILLE,2009,12,6
WRIGLEYVILLE,2010,13,25
WRIGLEYVILLE,2011,14,8
WRIGLEYVILLE,2012,8,21
WRIGLEYVILLE,2013,10,6
WRIGLEYVILLE,2014,10,10
WRIGLEYVILLE,2015,5,11
WRIGLEYVILLE,2016,4,86
WRIGLEYVILLE,2017,0,31
WRIGLEYVILLE,2018,0,6
